영화명,영화명(영문),제작연도,제작국가,유형,장르,제작상태,감독,제작사
군체,COLONY,2025,한국,장편,"액션,스릴러",개봉,연상호,"주식회사 와우포인트,주식회사 스마일게이트,미드나잇스튜디오 주식회사"
미스매치,MISMATCH,2026,한국,장편,"코미디,가족",개봉,손태웅,(주)노시스컴퍼니
내 이름은,My Name,2025,한국,장편,드라마,개봉,정지영,"㈜렛츠필름,(주)아우라픽처스"
극장의 시간들,Time of Cinema,2025,한국,장편,드라마,개봉,"이종필,윤가은,장건재",(주)티캐스트
눈동자,THE  EYES,2025,한국,장편,스릴러,개봉,염지호,(주)드림캡쳐
와일드 씽,Wild Sing,2025,한국,장편,코미디,개봉,손재곤,(주)어바웃필름
살목지,Salmokji : Whispering Water,2025,한국,장편,"공포(호러),스릴러",개봉,이상민,더램프스튜디오(주)
넘버원,,2025,한국,장편,드라마,개봉,김태용,"주식회사 세미콜론스튜디오,스튜디오더블엠 주식회사"
휴민트,HUMINT,2025,한국,장편,"액션,드라마",개봉,류승완,(주)외유내강
왕과 사는 남자,The King's Warden,2025,한국,장편,"사극,드라마",개봉,장항준,"(주)온다웍스,(주)비에이엔터테인먼트"
프로젝트 Y,PROJECT Y,2025,한국,장편,"범죄,드라마",개봉,이환,"클라이맥스 스튜디오(주),주식회사 와우포인트"
하트맨,Heartman: Rock and Love,2025,한국,장편,코미디,개봉,최원섭,"(주)무비락,(주)라이크엠컴퍼니"
시스터,SISTER,2025,한국,장편,스릴러,개봉,진성문,(주)와인드업필름
여름의 카메라,Summer's camera,2025,한국,장편,"가족,드라마,멜로/로맨스",개봉,성스러운,
현재를 위하여,SOAR,2025,한국,장편,드라마,개봉,김다솜,(주)21스튜디오
삼악도,Samakdo,2025,한국,장편,"미스터리,공포(호러)",개봉,채기준,㈜영화사 주단
슈퍼걸,Supergirl,2026,미국,장편,"액션,어드벤처",개봉,크레이그 질레스피,
앤팀 브이알 콘서트 : 바운드리스,&TEAM VR CONCERT : BOUNDLESS,2026,한국,장편,드라마,개봉,김경국,(주)어메이즈브이알코리아
폴스 플랙,FALSE FLAG,2025,미국,장편,"액션,스릴러",개봉,,
방과후 퇴마클럽: 소녀들의 밤,,2026,한국,장편,"공포(호러),코미디",개봉,,(주)테이크원스튜디오
그녀들 : 완벽한 서비스,,2026,한국,장편,멜로/로맨스,개봉,,(주)영화사가을
퀸 락 몬트리올,Queen Rock Montréal,2024,영국,장편,공연,개봉,사울 스위머,
훈련사,Wrangler,2025,한국,장편,스릴러,개봉,서은선,한국영화아카데미
정동원 팬콘서트 필름 : 다시 만나는 길,,2026,한국,장편,공연,개봉,나상인,(주)영화사 그램
사위의 거대함으로 몸보신 하는 장모님,YOMENOHAHATONO SEIKOU-2,2024,일본,장편,"멜로/로맨스,드라마",개봉,,
남편 옆에서 낯선 남자 단백질 빼는 유부녀,IYARASI SISEIKATU,2023,일본,장편,"멜로/로맨스,드라마",개봉,,
금발이 되고 싶어,Slanted,2025,미국,장편,스릴러,개봉,,
국가초기화,,2025,한국,장편,다큐멘터리,개봉,,주식회사 킨스튜디오
여자 : 지루한 섹스는 싫어,,2025,일본,장편,멜로/로맨스,개봉,,
그 사람이 사라졌다,WHO'S GONE,2024,일본,장편,미스터리,개봉,,
노브라로 가슴치는 상사아내,,2024,일본,장편,멜로/로맨스,개봉,,
스위트홈: 진격의 거인,Home Sweet Home: Rebirth,2025,미국,장편,"공포(호러),스릴러,액션",개봉,,
킬 코드,Kill Code,2026,미국,장편,액션,개봉,저스틴 프라이스,
변태소년,pervert boy,2018,한국,장편,드라마,개봉,이상우,이상우필름
여자들 : 나 오늘 너무 하고 싶어,,2026,한국,장편,멜로/로맨스,개봉,,(주)영화사가을
D컵의 스미레짱,,2026,일본,장편,멜로/로맨스,개봉,나카노 야요이,
풍만한 몸으로 나를 삼키는 밤,,2026,일본,장편,멜로/로맨스,개봉,,
타이트한 옷 아래 숨겨진 그녀,,2026,일본,장편,멜로/로맨스,개봉,카니에,
피카소. 파리에서의 반란, PICASSO. A REBEL IN PARIS. STORY OF A LIFE AND A MUSEUM,2024,이탈리아,장편,기타,개봉,,
그림자 내각,,2026,한국,장편,"다큐멘터리,드라마",개봉,,
소리없이 나빌레라,On the Wings of a Butterfly,2024,한국,장편,다큐멘터리,개봉,현진식,
신사: 악귀의 속삭임,The Shrine,2024,한국,장편,"공포(호러),미스터리",개봉,구마키리 가즈요시,(주)미스터리픽처스
충충충 ,Funky Freaky Freaks,2024,한국,장편,범죄,개봉,한창록,한국예술종합학교
패신저,PASSENGER,2026,미국,장편,"공포(호러),스릴러,미스터리",개봉,안드레 외브레달,파라마운트 픽쳐스
짝사랑 세계,Unreachable,2025,일본,장편,"드라마,멜로/로맨스",개봉,도이 노부히로,
정뱅이,Jeongbaengi,2026,한국,장편,다큐멘터리,개봉,오정훈,
사무라이 타임슬리퍼,A Samurai in Time,2024,일본,장편,드라마,개봉,,
리브 원 데이,LEAVE ONE DAY,2025,프랑스,장편,멜로/로맨스,개봉,,
너만 보이는 날,Welcome to My Side,2024,중국,장편,멜로/로맨스,개봉,,
뒷자리에 태워줘,Pillion,2025,영국,장편,드라마,개봉,,
관념의 남자 김철수,A Wishy Washy Man,2024,한국,장편,"가족,코미디,드라마",개봉,"이재리,차시윤",(주)타이거시네마
이인,A WATER[S],2024,한국,장편,드라마,개봉,김경래,
드림하이: 쇼뮤지컬 온 스테이지,Dream High: Show Musical on Stage,2026,한국,장편,공연,개봉,"김용문,장성일",(주)위즈온센
젖은 속살로 나를 부르는 그녀,,2026,일본,장편,멜로/로맨스,개봉,나카노 야요이,
잘 세우는 그녀의 손길,,2026,일본,장편,멜로/로맨스,개봉,나카노 야요이,
양기 빠는 그녀의 입,,2026,일본,장편,멜로/로맨스,개봉,아카바네 키쿠지로,
숨겨진 욕망이 터져 나오는 순간,,2026,일본,장편,멜로/로맨스,개봉,사루,
손끝으로 나를 녹여버리는 그녀,,2026,일본,장편,멜로/로맨스,개봉,,
밤마다 찾아오는 그녀의 뜨거운 유혹,,2026,일본,장편,멜로/로맨스,개봉,나카노 야요이,
미모의 풍만녀와 비밀관계,,2026,일본,장편,멜로/로맨스,개봉,나카노 야요이,
모든 걸 품어주는 그녀의 풍만거유 ,,2026,일본,장편,멜로/로맨스,개봉,아카바네 키쿠지로,
땀으로 범벅된 그녀와의 관계,,2026,일본,장편,멜로/로맨스,개봉,,
이반리 장만옥,Manok,2025,한국,장편,"코미디,드라마",개봉,이유진,
달콤한 그녀의 샘물,,2026,일본,장편,멜로/로맨스,개봉,아카바네 키쿠지로,
금단의 침실에서 만난 그녀,,2026,일본,장편,멜로/로맨스,개봉,사루,
그녀는 정기털이범,,2026,일본,장편,멜로/로맨스,개봉,나카노 야요이,
오늘 한번 줘라 ,,2026,한국,장편,멜로/로맨스,개봉,,(주)영화사가을
백룸,Backrooms,2026,미국,장편,"공포(호러),스릴러",개봉,케인 파슨스,
페루지노. 영원한 르네상스,Perugino. Eternal Renaissance,2023,이탈리아,장편,다큐멘터리,개봉,,
위대한 환상,THE ILLUSION,2025,이탈리아,장편,"전쟁,드라마",개봉,로베르토 안도,
킬러 대 킬러 대 킬러,Exit Protocol,2025,미국,장편,"액션,드라마,스릴러",개봉,,
토이 스토리 5,Toy Story 5,2026,미국,장편,"애니메이션,어드벤처,코미디",개봉,앤드류 스탠튼,
어느 파리 택배기사의 48시간,Souleymane's Story,2024,프랑스,장편,드라마,개봉,보리스 로즈킨,
납치 48시간,The Guardian,2024,한국,장편,액션,개봉,정장환,윌스튜디오 주식회사
교생실습,Teaching Practice : Idiot Girls and School Ghost,2025,한국,장편,"코미디,공포(호러)",개봉,김민하,"(주)26컴퍼니,(주)콘텐츠지"
이상한 과자 가게 전천당,,2026,한국,장편,"판타지,드라마",개봉,박봉섭,(주)빅오션이엔엠
복수에 자비란 없다,Relentless,2025,미국,장편,"액션,스릴러",개봉,,
현상수배,Wanted,2026,"한국,대만",장편,"코미디,액션",개봉,신재호,주식회사 쇼타임웍스
울프 토템,Wolf Totem,2015,중국,장편,어드벤처,개봉,장 자끄 아노,
상자 속의 양,Sheep in The Box,2025,일본,장편,"드라마,SF",개봉,고레에다 히로카즈,
디스클로저 데이,Disclosure Day,2026,미국,장편,"SF,미스터리",개봉,스티븐 스필버그,
극장판 전생했더니 슬라임이었던 건에 대하여 창해의 눈물편,That Time I Got Reincarnated as a Slime the Movie: Tears of the Azure Sea,2026,일본,장편,애니메이션,개봉,키쿠치 야스히토,
최후의 만찬,THE LAST SUPPER,2025,미국,장편,드라마,개봉,,
투어스 브이알 콘서트 : 러쉬로드,TWS VR CONCERT : RUSH ROAD,2026,한국,장편,"드라마,공연",개봉,김지애,(주)어메이즈브이알코리아
사토상과 사토상,Sato and Sato,2025,일본,장편,드라마,개봉,,
남태령,The Longest Night: Namtaeryeong,2026,한국,장편,다큐멘터리,개봉,김현지,MBC경남
돌핀보이: 푸른 바다의 수호자,Dolphin Boy 2,2026,독일,장편,애니메이션,개봉,,
짱구,Audition 109,2025,한국,장편,드라마,개봉,"정우,오성호",(주)팬엔터테인먼트
마스터즈 오브 유니버스,Masters of the Universe,2026,미국,장편,"액션,어드벤처,판타지,SF",개봉,트래비스 나이트,
쇼타씨의 마지막 출장,Mr Shota’s Last Business Trip,2025,한국,장편,드라마,개봉,이주형,소나기픽처스
푸틴: 절대 권력의 최후,,2024,폴란드,장편,"드라마,범죄",개봉,파트릭 베가,
플레이브 아시아 투어 [대쉬: 퀀텀 리프] 앙코르 인 시네마,,2026,한국,장편,공연,개봉,,"씨제이포디플렉스 주식회사,스크린엑스 스튜디오"
순례자들은 왜 돌아오지 않는가,Pilgrims,2025,한국,장편,애니메이션,개봉,,(주)21스튜디오
맘보 점보,Mumbo Jumbo,2026,덴마크,장편,애니메이션,개봉,,
고독의 오후,Afternoons of Solitude,2024,"프랑스,포르투갈,스페인",장편,다큐멘터리,개봉,,
뚫려버린 그녀의 꽃잎,,2026,일본,장편,멜로/로맨스,개봉,아카바네 키쿠지로,
한 번만 줘!,,2025,한국,장편,멜로/로맨스,개봉,김태수,(주)까멜리아이엔티
동생아내 : 남편보다 아주버님이 더 잘해요,,2025,일본,장편,멜로/로맨스,개봉,,
여자들 : 절대 잊을 수 없는 섹스,,2026,한국,장편,멜로/로맨스,개봉,,(주)영화사가을
몰래한 불륜 : 유부녀들,,2026,한국,장편,멜로/로맨스,개봉,,(주)영화사가을
스페이스 타임,Space/Time,2025,호주,장편,"SF,스릴러",개봉,,
오펀스: 복수자들,THE ORPHANS,2025,프랑스,장편,액션,개봉,,
여자 마사지사 : 홍콩가는 남자들,,2025,일본,장편,멜로/로맨스,개봉,,
먹고 싶은 여자들,,2026,한국,장편,멜로/로맨스,개봉,,(주)영화사가을
거근 채운 젖은 가랑이,,2024,일본,장편,멜로/로맨스,개봉,,
헐떡이는 숨결의 여자,,2026,일본,장편,멜로/로맨스,개봉,나카노 야요이,
한손으로 못잡는 그녀의 거유,,2026,일본,장편,멜로/로맨스,개봉,나카노 야요이,
침대 위에서 벌어진 실수,,2026,일본,장편,멜로/로맨스,개봉,나카노 야요이,
침대 위 거친 숨결,,2026,일본,장편,멜로/로맨스,개봉,아카바네 키쿠지로,
참기 힘든 그녀의 명기,,2026,일본,장편,멜로/로맨스,개봉,아카바네 키쿠지로,
엉덩이로 삼켜버린 그녀,,2026,일본,장편,멜로/로맨스,개봉,나카노 야요이,
언제든지 벌려주는 거유녀,,2026,일본,장편,멜로/로맨스,개봉,나카노 야요이,
서로를 삼킨 격한 숨소리,,2026,일본,장편,멜로/로맨스,개봉,나카노 야요이,
벌리니 삼키는 그녀의 가랑이,,2026,일본,장편,멜로/로맨스,개봉,나카노 야요이,
무너지는 그녀의 경계,,2026,일본,장편,멜로/로맨스,개봉,나카노 야요이,
몸으로 증명하는 그녀,,2026,일본,장편,멜로/로맨스,개봉,나카노 야요이,
먹고 보는 그녀의 가랑이,,2026,일본,장편,멜로/로맨스,개봉,아카바네 키쿠지로,
그녀의 분홍색 속살,,2026,일본,장편,멜로/로맨스,개봉,나카노 야요이,
가랑이 벌린 밤,,2026,일본,장편,멜로/로맨스,개봉,아카바네 키쿠지로,
2대1 : 새엄마와 두 아들,,2025,일본,장편,멜로/로맨스,개봉,,
유부녀들 : 홍콩 가는 날,,2026,한국,장편,멜로/로맨스,개봉,,(주)영화사가을
킬러웨일: 침묵의 습격자,Killer Whale,2026,미국,장편,"스릴러,공포(호러)",개봉,,
카드캡터 체리 극장판,Cardcaptor SAKURA The movie,1999,일본,장편,애니메이션,개봉,아사카 모리오,
검객 생과사,Drunken Blade,2025,중국,장편,"액션,사극",개봉,,
아버님이 맛보는 가랑이 교육 무삭제판,,2025,일본,장편,멜로/로맨스,개봉,,
파이널 피스,The Final Piece,2025,일본,장편,"미스터리,드라마",개봉,쿠마자와 나오토,
의붓아들에게 뒷문까지 바친 새엄마,SIN IJYOUSEIKOUSUTORI-25,2024,일본,장편,"멜로/로맨스,드라마",개봉,,
유레카,Eureka,2000,일본,장편,드라마,개봉,아오야마 신지,
엔조,Enzo,2025,프랑스,장편,드라마,개봉,로빈 캄필로,
아내와 별거 중 나타난 단백질 도둑녀,IEDENOTUMATO IENUSI,2024,일본,장편,"멜로/로맨스,드라마",개봉,,
미세스 그린 애플 매지컬 10주년 다큐멘터리 필름 ~디 오리진~,MGA MAGICAL 10 YEARS DOCUMENTARY FILM,2025,일본,장편,다큐멘터리,개봉,토요시마 케이스케,
미세스 그린 애플 매지컬 10주년 기념 라이브 ~피오르드~ 온 스크린,MGA MAGICAL 10 YEARS ANNIVERSARY LIVE ~FJORD~,2025,일본,장편,공연,개봉,,
몽그렐스,Mongrels,2024,캐나다,장편,"드라마,가족",개봉,제롬 유,
만달로리안과 그로구,STAR WARS: THE MANDALORIAN AND GROGU,2026,미국,장편,"액션,어드벤처",개봉,존 파브로,
리마인더스 오브 힘,REMINDERS OF HIM,2026,미국,장편,"드라마,멜로/로맨스",개봉,바네사 캐스윌,
로메리아,Romeria,2025,스페인,장편,"드라마,멜로/로맨스",개봉,카를라 시몬,
더 파이터: 리벤지,Ash Li,2022,중국,장편,액션,개봉,,
피어스,PIERCE,2024,"싱가포르,대만,폴란드",장편,"드라마,스릴러",개봉,,
극장판 호빵맨: 세균맨과 그림책의 루룬,ANPANMAN : Baikinman and Lulun in the Picture Book,2024,일본,장편,애니메이션,개봉,카와고에 준,
1967 그리즐리 어택,Grizzly Night,2026,미국,장편,"액션,스릴러",개봉,,
한복 입은 남자,,2026,한국,장편,"사극,미스터리",개봉,,(주)박스미디어
아이엠 포포,I'm PoPo,2026,한국,장편,"SF,드라마",개봉,,
극장판 내 마음의 위험한 녀석,The Dangers in My Heart: The Movie,2026,일본,장편,애니메이션,개봉,아카기 히로아키,
신극장판 은혼: 요시와라 대염상,Gintama: Yoshiwara in Flames,2026,일본,장편,애니메이션,개봉,,
반칙왕 몽키,The Rule Breaker,2026,한국,장편,다큐멘터리,개봉,"황다은,박홍열",(주)스튜디오그레인풀
너바나 더 밴드 : 전설적 밴드 ‘너바나’와는 별 관련 없는 ‘너바나 더 밴드’의 콤비 맷과 제이. 어느 날 공연을 위해 타임머신을 만드는 황당한 작전을 세우고 처음 만났던 17년 전으로 돌,Nirvanna the Band the Show the Movie,2025,캐나다,장편,"코미디,어드벤처,SF",개봉,맷 존슨,
1026: 새로운 세상을 위한,,2025,한국,장편,"다큐멘터리,드라마",개봉,최위안,리얼곤시네마
5월18일생,Born on the 18th of May,2024,한국,장편,드라마,개봉,송동윤,에스디와이엔터테인먼트
파티마가 사랑한 계절,THE LITTLE SISTER,2025,프랑스,장편,"드라마,멜로/로맨스",개봉,합시아 헤지,
안젤름,Anselm,2023,독일,장편,다큐멘터리,개봉,빔 벤더스,
마이클,Michael,2026,미국,장편,드라마,개봉,안톤 후쿠아,
데몬 샤크 헌터스,The Last Breath,2024,캐나다,장편,"스릴러,공포(호러)",개봉,요아힘 헤덴,
힌드의 목소리,The Voice of Hind Rajab,2025,프랑스,장편,드라마,개봉,,
란 12.3,RAN 12.3 ,2026,한국,장편,다큐멘터리,개봉,이명세,㈜프로덕션에므
열여덟 청춘,18 Youth,2023,한국,장편,드라마,개봉,어일선,(주)26컴퍼니
르누아르,RENOIR,2025,"일본,프랑스",장편,드라마,개봉,하야카와 치에,
올 그린스,ALL GREENS,2025,일본,장편,"드라마,범죄",개봉,,
빌리 아일리시 - 히트 미 하드 앤드 소프트: 더 투어,Billie Eilish: Hit Me Hard and Soft - The Tour,2026,미국,장편,공연,개봉,"제임스 카메론,빌리 아일리시",파라마운트 픽쳐스
모탈 컴뱃 2,MORTAL KOMBAT 2,2026,미국,장편,"액션,어드벤처,판타지",개봉,,
그녀가 돌아온 날,THE DAY SHE RETURNS,2026,한국,장편,드라마,개봉,홍상수,(주)영화제작전원사 
사랑의 하츄핑 특별판,Heartsping : Teenieping of Love ,2024,한국,장편,애니메이션,개봉,김수훈,(주)에스에이엠지엔터테인먼트
극장판 반짝반짝 달님이: 싱어롱 파티,,2026,한국,장편,애니메이션,개봉,"이병직,송인욱",(주)선우앤컴퍼니
사위 사랑은 장모 5,,2026,한국,장편,멜로/로맨스,개봉,,(주)영화사가을
잘하는 여자 : 섹스가 제일 중요해,,2026,한국,장편,멜로/로맨스,개봉,,(주)영화사가을
여비서 : 그 놈들의 못쓸 짓,,2025,일본,장편,멜로/로맨스,개봉,,
"형부, 위로해 줘!","Brother-in-Law, Please Hold Me",2026,한국,장편,드라마,개봉,안해영,(주)룬컴퍼니
잡것들,The Vulgars,2026,한국,장편,드라마,개봉,안해영,(주)룬컴퍼니
씨 없는 남편 앞에서 대물을 맛본 아내,KEXTUKONSASETA WAKADUMA,2024,일본,장편,"멜로/로맨스,드라마",개봉,,
남자들이여 줄 때 먹어라,,2026,한국,장편,멜로/로맨스,개봉,,(주)영화사가을
마지막 야구 경기,EEPHUS,2024,미국,장편,드라마,개봉,카슨 룬드,
심패티 포 데블,SYMPATHY FOR THE DEVIL,2023,"미국,네덜란드,영국",장편,"액션,스릴러",개봉,유발 애들러,
뱅: 킬러 리턴즈,BANG,2025,미국,장편,"액션,범죄",개봉,위치 카오새야난다,
죽을만큼 싫어하는 상사의 노리개,,2025,일본,장편,멜로/로맨스,개봉,,
그녀와의 떡정,,2026,한국,장편,멜로/로맨스,개봉,,(주)영화사가을
악마는 프라다를 입는다 2,The Devil Wears Prada 2,2026,미국,장편,드라마,개봉,데이빗 프랭클,
슈퍼 마리오 갤럭시,THE SUPER MARIO GALAXY MOVIE,2026,미국,장편,애니메이션,개봉,"아론 호바스,마이클 젤레닉",
비발디와 나,PRIMAVERA,2025,이탈리아,장편,드라마,개봉,다미아노 미키엘레토,
달걀 원정대,RIDDLE OF FIRE,2023,미국,장편,드라마,개봉,,
아버님의 젖가슴 상담 무삭제판,,2025,일본,장편,멜로/로맨스,개봉,,
새벽의 Tango,Tango at Dawn,2024,한국,장편,드라마,개봉,김효은,한국영화아카데미
여자 마사지 : 한여자 세남자,,2025,일본,장편,멜로/로맨스,개봉,,
아이스맨,ICEMAN,2018,독일,장편,"액션,드라마",개봉,,
상사의 아내 : 들이대는 남편 부하 직원들 무삭제,,2024,한국,장편,멜로/로맨스,개봉,,(주)영화사가을
내 아내의 엄마 3,,2026,한국,장편,멜로/로맨스,개봉,,(주)영화사가을
나쁜남자 : 여자들이 빠지는 이유,,2026,한국,장편,멜로/로맨스,개봉,,(주)영화사가을
줄무늬 파자마를 입은 소년,The Boy in the Striped Pajamas,2008,"영국,미국",장편,"드라마,전쟁",개봉,마크 허만,
르세라핌 브이알 콘서트 : 인비테이션,LE SSERAFIM VR CONCERT : INVITATION,2026,한국,장편,드라마,개봉,이미경,
새엄마 몸 속에 짜내버린 체액,SIN IJYOUSEIKOUSUTORI-18,2024,일본,장편,"멜로/로맨스,드라마",개봉,,
새아들과의 끝없는 번식본능,SIN IJYOUSEIKOUSUTORI-1,2024,일본,장편,"멜로/로맨스,드라마",개봉,,
기동전사 건담: 섬광의 하사웨이,MOBILE SUIT GUNDAM HATHAWAY,2021,일본,장편,애니메이션,개봉,무라세 슈코,
오시리스,Osiris,2025,미국,장편,"SF,액션,공포(호러)",개봉,윌리엄 카우프먼,
플래닛 어스 : 대자연의 힘 ,Planet Earth Ⅲ,2024,영국,장편,다큐멘터리,개봉,,
원 오크 록 디톡스 투어 인 시네마,ONE OK ROCK DETOX JAPAN TOUR 2025 AT NISSAN STADIUM IN CINEMAS,2026,한국,장편,공연,개봉,,
리 크로닌의 미이라,Lee Cronin's The Mummy,2026,미국,장편,공포(호러),개봉,리 크로닌,
기동전사 건담: 섬광의 하사웨이 키르케의 마녀,MOBILE SUIT GUNDAM HATHAWAY The Sorcery of Nymph Circe,2026,일본,장편,애니메이션,개봉,무라세 슈코,
누룩,The Yeast,2024,한국,장편,"가족,미스터리,드라마",개봉,장동윤,(주)1031스튜디오
런닝맨: 라이트&쉐도우,Running Man: Light & Shadow,2023,한국,장편,애니메이션,개봉,윤준상,(주)로커스
우주 수호대: 하하하 행성의 대모험,Cosmicrew: Storm Force,2023,중국,장편,"애니메이션,어드벤처",개봉,,
빨간 나라를 보았니,,2026,한국,장편,다큐멘터리,개봉,홍영아,
폭탄,Bakudan,2025,일본,장편,스릴러,개봉,나가이 아키라,
붉은 10월의 반란 파트 2,Mutiny 2,2024,기타,장편,"액션,드라마,전쟁",개봉,,
노멀,NORMAL,2025,미국,장편,"범죄,액션,스릴러",개봉,벤 휘틀리,
고트: 더 레전드,GOAT,2026,미국,장편,"애니메이션,액션,어드벤처,코미디",개봉,,
"극장판 총집편 걸즈 밴드 크라이 있잖아, 미래.","GIRLS BAND CRY The Movie: Hey, Our Future",2025,일본,장편,애니메이션,개봉,사카이 카즈오,
침묵의 친구,Silent Friend,2025,독일,장편,드라마,개봉,,
주희에게,Dear Juhee,2025,한국,장편,다큐멘터리,개봉,,미디어나무(주)
쉘터,Shelter,2026,미국,장편,"액션,스릴러",개봉,릭 로먼 워,
미야자키 하야오의 그대들은 어떻게 살 것인가,Hayao Miyazaki's how do you live,2024,일본,장편,다큐멘터리,개봉,,
류이치 사카모토: 도쿄 멜로디 ,Tokyo melody: un film sur Ryuichi Sakamoto,1985,프랑스,장편,다큐멘터리,개봉,엘리자베스 레나드,
간첩사냥,Unlikely Allies,2025,한국,장편,"코미디,범죄",개봉,이준혁,한국영화아카데미
끝장수사,THE ULTIMATE DUO,2026,한국,장편,"범죄,액션",개봉,박철환,"청년필름(주),주식회사 이안픽처스"
네가 마지막으로 남긴 노래,The Last song You Left Behind,2026,일본,장편,멜로/로맨스,개봉,미키 타카히로,
위 리브 인 타임,We Live in Time,2024,프랑스,장편,"멜로/로맨스,드라마",개봉,존 크로울리,
엔하이픈 : 이머전 인 시네마,ENHYPEN : IMMERSION IN CINEMAS,2026,한국,장편,기타,개봉,김경국,"(주)어메이즈브이알코리아,씨제이포디플렉스 주식회사"
크라임 101,Crime 101,2026,미국,장편,"범죄,드라마,스릴러",개봉,바트 레이튼,
특별편집판 기동전사 건담 철혈의 오펀스 우르드 헌트 -작은 도전자의 궤적-,Mobile Suit Gundam Iron-Blooded Orphans Urdr-Hunt “-Path of the Little Challenger-”,2025,일본,장편,애니메이션,개봉,나가이 타츠유키,
붉은 10월의 반란 파트 1,Mutiny 1,2024,기타,장편,"액션,드라마,전쟁",개봉,,
오피셜히게단디즘 라이브 앳 스타디움 2025,OFFICIAL HIGE DANDISM LIVE at STADIUM 2025,2025,일본,장편,공연,개봉,,
모래그릇,The Castle of Sand,1974,일본,장편,"드라마,범죄",개봉,,
킬 빌: 더 홀 블러디 어페어,Kill Bill: The Whole Bloody Affair,2025,미국,장편,액션,개봉,쿠엔틴 타란티노,
스크림 7,SCREAM 7,2025,미국,장편,공포(호러),개봉,케빈 윌리엄슨,
술타나의 꿈,Sultana’s Dream,2023,스페인,장편,애니메이션,개봉,,
마법 숲 동물 친구들 대모험,3 Little Kungpoo Goats,2023,아랍에미리트연합국정부,장편,"애니메이션,어드벤처",개봉,,
류이치 사카모토: 다이어리,Ryuichi Sakamoto: Diaries,2025,일본,장편,다큐멘터리,개봉,,
두 검사,Two Prosecutors,2025,"프랑스,독일,네덜란드",장편,기타,개봉,세르게이 로즈니차,
녹나무의 파수꾼,The Keeper of the Camphor Tree,2026,일본,장편,애니메이션,개봉,이토 토모히코,
유부녀 : 남편보다 맛있는 남자들 무삭제,,2024,한국,장편,멜로/로맨스,개봉,,(주)영화사가을
여자동창 : 우리 남편 출장가서 집에 없어,,2025,일본,장편,멜로/로맨스,개봉,,
맛 : 자꾸 생각나는 그놈,,2026,한국,장편,멜로/로맨스,개봉,,(주)영화사가을
슬라이드 스트럼 뮤트,Slide Strum Mute,2026,한국,장편,"드라마,미스터리",개봉,박세영,
펫 트레인,Pets on a Train,2025,프랑스,장편,애니메이션,개봉,,
정사 : 잠든 남편 옆에서 무삭제,,2024,한국,장편,멜로/로맨스,개봉,,(주)영화사가을
유부녀들 : 남편 몰래 바람피다,,2025,한국,장편,멜로/로맨스,개봉,,(주)영화사가을
"맛있는 불륜 : 사위와 장모, 며느리와 시아버지",,2025,한국,장편,멜로/로맨스,개봉,,(주)영화사가을
명탐정 코난: 세기말의 마술사,Detective Conan the Movie: The Last Wizard of the Century,1999,일본,장편,애니메이션,개봉,코다마 켄지,
뮤지컬 장수탕 선녀님,,2026,한국,장편,"뮤지컬,공연",개봉,조윤수,(주)영화사 그램
파이 굽는 엄마,,2025,한국,장편,다큐멘터리,개봉,이종은,제이리미디어
프로젝트 헤일메리,PROJECT HAIL MARY,2026,미국,장편,SF,개봉,필 로드,
왜(歪): 더 카르텔,,2025,한국,장편,다큐멘터리,개봉,,
메소드연기,METHOD ACTING,2024,한국,장편,"드라마,코미디",개봉,이기혁,(주)런업컴퍼니
프로텍터,Protector,2025,한국,장편,액션,개봉,애드리언 그런버그,(주)아낙시온
연지구 디 오리지널 4K,Rouge,1987,홍콩,장편,"판타지,멜로/로맨스",개봉,관금붕,
"사랑, 우유, 그리고 치즈",HOLY COW,2024,프랑스,장편,"코미디,드라마",개봉,,
김~치!,KIM~CHI!,2025,한국,장편,"가족,드라마",개봉,박철현,(주)샾엔터
매드 댄스 오피스,Mad Dance Office,2024,한국,장편,"드라마,코미디",개봉,조현진,(주)컨텐츠 크리에이티브 그룹 문
렌탈 패밀리: 가족을 빌려드립니다,Rental Family,2025,미국,장편,"드라마,코미디",개봉,,
매력적인 가정부,,2025,일본,장편,멜로/로맨스,개봉,,
라면 먹고 갈래? 커플섹스,,2026,한국,장편,멜로/로맨스,개봉,,(주)영화사가을
그 사람 경허(鏡虛) 선사,,2024,한국,장편,드라마,개봉,윤용진,(주)가상사
유부녀 : 비에 젖어 비치는 그녀의 속살,,2025,일본,장편,멜로/로맨스,개봉,,
부장님이 빨아버린 가랑이 무삭제판,,2024,일본,장편,멜로/로맨스,개봉,,
더치스: 복수의 화신,Duchess,2024,영국,장편,"액션,범죄",개봉,닐 마샬,
하이재킹: 메이데이,Hijacked,2025,베트남,장편,"액션,스릴러,범죄",개봉,함 트란,
드림스,Dreams,2025,미국,장편,"드라마,멜로/로맨스",개봉,미셸 프랑코,
엔하이픈 [워크 더 라인 썸머 에디션] 인 시네마,ENHYPEN [WALK THE LINE SUMMER EDITION] IN CINEMAS,2025,한국,장편,공연,개봉,"박재석,오윤동","씨제이포디플렉스 주식회사,스크린엑스 스튜디오"
스페셜즈,Specials,2026,일본,장편,"코미디,액션",개봉,우치다 에이지,
판결,The Verdict,2025,한국,장편,"드라마,스릴러",개봉,이창희,"주식회사 잉크픽처스,주식회사 표범영화사,무비파킹 주식회사,(주)조이엔시네마"
콜드 미트,Cold Meat,2023,영국,장편,스릴러,개봉,,
"오, 발렌타인","Oh, Valentine",2025,한국,장편,다큐멘터리,개봉,홍진훤,(주)시네마달
아르코,ARCO,2025,프랑스,장편,애니메이션,개봉,우고 비엔베누,
호퍼스,HOPPERS,2026,미국,장편,애니메이션,개봉,다니엘 총,
우리는 매일매일,,2026,한국,장편,멜로/로맨스,개봉,김민재,(주)초이스웰
허리 업 투모로우,Hurry Up Tomorrow,2025,미국,장편,"스릴러,드라마",개봉,트레이 에드워드 슐츠,
차임,Chime,2024,일본,장편,"스릴러,공포(호러)",개봉,구로사와 기요시,
좀비 랜드 사가: 유메긴가 파라다이스,Zombie Land Saga: Yumeginga Paradise,2025,일본,장편,애니메이션,개봉,,
우리에게는 아직 내일이 있다,There's Still Tomorrow,2023,이탈리아,장편,드라마,개봉,,
브라이드!,The Bride!,2026,미국,장편,"액션,멜로/로맨스,드라마",개봉,매기 질렌할,
다이 마이 러브,Die My Love,2025,미국,장편,"드라마,스릴러",개봉,린 램지,
노 어더 랜드,No Other Land,2024,"팔레스타인,노르웨이",장편,다큐멘터리,개봉,,
결혼해줄래?,Will you marry me?,2025,한국,장편,드라마,개봉,장완복,씨네움
번식을 꿈꾸는 편부가정 껍질 벗기는 가정부,HCUP DONARINOOKUSAN-07,2024,일본,장편,"멜로/로맨스,드라마",개봉,,
디데이 24시간,24 HOURS TO D-DAY,2024,미국,장편,"전쟁,액션",개봉,,
한여자 두남자 : 노천탕에서 2대1,,2025,일본,장편,멜로/로맨스,개봉,,
"금지된 사랑 : 시아버지와 며느리, 장모와 사위",,2025,한국,장편,멜로/로맨스,개봉,,(주)영화사가을
너무 조이는 그녀의 구멍,,2025,일본,장편,멜로/로맨스,개봉,,
나는 여기가 젖었다,,2025,일본,장편,멜로/로맨스,개봉,,
거유녀의 가슴 온기,,2025,일본,장편,멜로/로맨스,개봉,,
거기 넣어줄래요,,2025,일본,장편,멜로/로맨스,개봉,,
루팡 3세 더 무비: 불사신의 혈족,LUPIN THE IIIRD THE MOVIE 2025,2025,일본,장편,"애니메이션,액션",개봉,코이케 타케시,
28년 후: 뼈의 사원,28 Years Later: The Bone Temple,2026,미국,장편,"공포(호러),스릴러",개봉,니아 다코스타,
스와핑 : 아내의 뜨거운 신음소리,,2025,한국,장편,멜로/로맨스,개봉,,(주)영화사가을
불륜은 미친 짓이다,,2026,한국,장편,멜로/로맨스,개봉,,(주)영화사가을
남편의 성폭력을 달래주는 이웃집 남자,DV Guy More Than Husband,2025,일본,장편,드라마,개봉,,
로스트 호라이즌,Lost Horizon,2025,남아프리카공화국,장편,액션,개봉,,
착한 엄마들 2,,2025,한국,장편,멜로/로맨스,개봉,,(주)영화사가을
위기의 스튜어디스 : 기장이 노린다,,2025,일본,장편,멜로/로맨스,개봉,,
악의 진화 퍼스트레이디2,,2026,한국,장편,"다큐멘터리,드라마",개봉,문승욱,"서울의소리,영화사키노(주)"
사운드 오브 호프 : 포썸 트롯의 기적,Sound of Hope: The Story of Possum Trot,2024,미국,장편,드라마,개봉,조슈아 웨이겔,
2대1 : 여자도 하고 싶다,,2025,한국,장편,멜로/로맨스,개봉,,(주)영화사가을
투 마더스,,2025,한국,장편,멜로/로맨스,개봉,,(주)영화사가을
스트레이 키즈 : 더 도미네이트 익스피리언스,Stray Kids : The dominATE Experience,2025,미국,장편,공연,개봉,,
초속 5센티미터,5 Centimeters per Second,2025,일본,장편,"드라마,멜로/로맨스",개봉,오쿠야마 요시유키,
아기 티라노 디보: 초식이지만 괜찮아!,Jurassicland&Dinosaurs,2025,중국,장편,애니메이션,개봉,,
레이의 겨울방학,Rei's Winter Break,2025,한국,장편,드라마,개봉,박석영,영화사 삼순
도망쳐,,2024,한국,장편,"액션,범죄",개봉,손현우,
너자 2,Ne Zha 2,2025,중국,장편,애니메이션,개봉,,
햄넷,HAMNET,2024,미국,장편,드라마,개봉,클로이 자오,
동창 : 최후의 만찬,Reunion : The last supper,2024,한국,장편,"드라마,코미디",개봉,배세웅,에이치 크리에이티브 그룹
겨울의 빛,Winter Light,2024,한국,장편,드라마,개봉,조현서,한국영화아카데미
"미스터김, 영화관에 가다",Mr. Kim Goes to the Cinema,2025,한국,장편,다큐멘터리,개봉,김동호,"(주)타이거스튜디오,(주)사나이픽처스"
점보,Jumbo,2025,인도네시아,장편,애니메이션,개봉,,
센티멘탈 밸류,Sentimental Value,2025,노르웨이,장편,드라마,개봉,요아킴 트리에,
아웃 오브 네스트,Out of the Nest,2024,태국,장편,"애니메이션,어드벤처",개봉,"앤드류 고든,제프 슈,아르투로 A. 아르난데스,비라파트라 지나나빈",
영화 러브 라이브! 니지가사키 학원 스쿨 아이돌 동호회 완결편 제2장,Love Live! Nijigasaki High School idol Club The Movie – Finale – Chapter 2,2025,일본,장편,애니메이션,개봉,,
남쪽,The South,1983,"스페인,프랑스",장편,"드라마,멜로/로맨스",개봉,빅토르 에리세,
귀신 부르는 앱: 영,,2025,한국,장편,"공포(호러),스릴러",개봉,,(주)하트피플
더 로즈: 컴 백 투 미,The Rose: Come Back to Me,2025,미국,장편,"공연,다큐멘터리",개봉,이성민,
몬테크리스토 백작,LE COMTE DE MONTE CRISTO,2024,프랑스,장편,드라마,개봉,알렉상드르 드 라 파텔리에르,
모두가 그녀를 사랑해,Everybody Loves Touda,2024,"프랑스,노르웨이",장편,드라마,개봉,나빌 아유쉬,
바다 탐험대 옥토넛 어보브 앤 비욘드 : 육지생물 구조작전,Octonauts: Above and Beyond – Season 2,2026,영국,장편,"애니메이션,액션,어드벤처",개봉,,
나이트 라이더,Jackdaw,2023,미국,장편,"액션,드라마",개봉,,
폭풍의 언덕,Wuthering Heights,2025,미국,장편,"드라마,멜로/로맨스",개봉,에머랄드 펜넬,
안녕하세요,Good Morning,1959,일본,장편,드라마,개봉,오즈 야스지로,
굿 포 낫씽,Good For Nothing,2010,일본,장편,드라마,개봉,미야케 쇼,
잊혀진 대통령: 김영삼의 개혁시대,,2025,한국,장편,다큐멘터리,개봉,이재진,(주)다자인소프트
드림 홈,Dream Home,2010,홍콩,장편,"공포(호러),스릴러",개봉,팡호청,
시라트,Sirat,2025,스페인,장편,드라마,개봉,올리베르 라셰,
하우스메이드,The Housemaid,2025,미국,장편,"스릴러,미스터리",개봉,폴 페이그,
모험의 세계 원더월드 대탐험,Welcome to Wonder World,2025,한국,장편,"애니메이션,어드벤처",개봉,토마스 프레데릭센,콘텐츠비
시스터즈,THE SISTERS,2024,베트남,장편,공포(호러),개봉,,
불륜남녀 : 좋아 죽는 여자들,,2025,한국,장편,멜로/로맨스,개봉,,(주)영화사가을
"2024.12.03 그날 조작된 내란, 감춰진 진실",,2026,한국,장편,다큐멘터리,개봉,,
매춘 2026,,2025,한국,장편,멜로/로맨스,개봉,,(주)영화사가을
17살은 멈추지 않아!,"17, Unstoppable",2023,일본,장편,"드라마,멜로/로맨스",개봉,,
클라이밍: 더 사운드,THE SOUND,2025,미국,장편,"스릴러,공포(호러)",개봉,,
키스가 멈춘 순간,,2024,일본,장편,멜로/로맨스,개봉,,
"오리카, 모두의 연인",,2024,일본,장편,멜로/로맨스,개봉,,
"스무살, 서른살, 마흔살의 교코",,2024,일본,장편,멜로/로맨스,개봉,,
사디즘의 여자,,2024,일본,장편,멜로/로맨스,개봉,,
버밀리언 : 주홍색 그림물감,,2024,일본,장편,멜로/로맨스,개봉,,
꽃집 남자의 사랑,,2024,일본,장편,멜로/로맨스,개봉,,
그 후로 사랑은 계속된다,,2024,일본,장편,멜로/로맨스,개봉,,
치마속 젖은 손길 무삭제판,,2025,일본,장편,멜로/로맨스,개봉,,
참을 수 없는 이모의 야한 속옷 무삭제판,,2025,일본,장편,멜로/로맨스,개봉,,
젖어드는 다리 사이 무삭제판,,2025,일본,장편,멜로/로맨스,개봉,,
젖어드는 다리 사이,,2025,일본,장편,멜로/로맨스,개봉,,
잘 넣어주는 가정교사 무삭제판,,2025,일본,장편,멜로/로맨스,개봉,,
잘 넣어주는 가정교사,,2025,일본,장편,멜로/로맨스,개봉,,
작가의 취향,,2024,일본,장편,멜로/로맨스,개봉,,
음란한 영업 무삭제판,,2025,일본,장편,멜로/로맨스,개봉,,
유부녀 잡아먹는 대물 무삭제판,,2025,일본,장편,멜로/로맨스,개봉,,
유부녀 잡아먹는 대물,,2025,일본,장편,멜로/로맨스,개봉,,
운전기사와 회사원 그리고 창녀,,2024,일본,장편,멜로/로맨스,개봉,,
여배우의 인터뷰,,2024,일본,장편,멜로/로맨스,개봉,,
엄마와 나 그리고 사랑의 적,,2024,일본,장편,멜로/로맨스,개봉,,
삽입 후 최고의 순간 무삭제판,,2025,일본,장편,멜로/로맨스,개봉,후카가와 지로,
빼달라고 사정하는 그녀 무삭제판,,2025,일본,장편,멜로/로맨스,개봉,후카가와 지로,
빼달라고 사정하는 그녀,,2025,일본,장편,멜로/로맨스,개봉,후카가와 지로,
비눗방울의 시,,2024,일본,장편,멜로/로맨스,개봉,,
"변태, 여직원 그리고 부장",,2024,일본,장편,멜로/로맨스,개봉,,
못참고 결국 싸버린 그녀,,2025,일본,장편,멜로/로맨스,개봉,,
며느리를 뚫은 솟은 거근,,2024,일본,장편,멜로/로맨스,개봉,,
매춘부의 꿈,,2024,일본,장편,멜로/로맨스,개봉,,
마사지에 무너지는 유부녀 무삭제판,,2025,일본,장편,멜로/로맨스,개봉,후카가와 지로,
등을 맞댄 두 사람,,2024,일본,장편,멜로/로맨스,개봉,,
두근두근 그녀의 섹스 무삭제판,,2023,일본,장편,멜로/로맨스,개봉,,
너무 궁금한 그녀의 치마속 무삭제판,,2025,일본,장편,멜로/로맨스,개봉,,
내 아내의 비밀친구 무삭제판,,2025,일본,장편,멜로/로맨스,개봉,세타가야 히로시,
나나미의 삽입결단 무삭제판,,2024,일본,장편,멜로/로맨스,개봉,,
그녀의 위험한 유혹 무삭제판,,2025,일본,장편,멜로/로맨스,개봉,후카가와 지로,
그녀의 위험한 유혹,,2025,일본,장편,멜로/로맨스,개봉,후카가와 지로,
감독의 딸들,,2024,일본,장편,멜로/로맨스,개봉,,
가출 소녀와 아저씨,,2024,일본,장편,멜로/로맨스,개봉,,
백악관 최후의 날: 프레지던트 다운,President Down 2025,2025,미국,장편,"스릴러,액션",개봉,,
위험한 제수씨:아주버님의 야릇한 눈빛,ANINOMONO,2023,일본,장편,"멜로/로맨스,드라마",개봉,,
발정난 며느리:시아버지에게 들키다,SIRAKI HADAKA,2023,일본,장편,"멜로/로맨스,드라마",개봉,,
엘리트 여직원 : 중년 청소부와 섹스에 빠지다,,2025,일본,장편,멜로/로맨스,개봉,,
"금지된 사랑 : 새아빠, 시아버지 그리고",,2025,한국,장편,멜로/로맨스,개봉,,(주)영화사가을
극장판 엉덩이 탐정: 스타 앤드 문,Butt Detective the Movie Star and Moon,2025,일본,장편,애니메이션,개봉,,
매력적인 엄마들,,2025,한국,장편,멜로/로맨스,개봉,,(주)영화사가을
나이트 플라워,Night Flower,2025,일본,장편,드라마,개봉,우치다 에이지,
친형에게 반해버린 내 젊은아내 ,My Brother Who Raised Me,2025,일본,장편,드라마,개봉,,
"불법 서비스 : 노래방, 미용실에서",,2025,한국,장편,멜로/로맨스,개봉,,(주)영화사가을
우타다 히카루 사이언스 픽션 투어 2024,HIKARU UTADA SCIENCE FICTION TOUR 2024,2024,일본,장편,공연,개봉,,
치마속 젖은 손길,,2025,일본,장편,멜로/로맨스,개봉,,
참을 수 없는 이모의 야한 속옷,,2025,일본,장편,멜로/로맨스,개봉,,
음란한 코스프레 무삭제판,,2023,일본,장편,멜로/로맨스,개봉,키타노 마지메,
음란한 영업,,2025,일본,장편,멜로/로맨스,개봉,,
"어떤 키스, 어떤 삽입 무삭제판",,2025,일본,장편,멜로/로맨스,개봉,사루,
스스로 열어준 그녀의 구멍 무삭제판,,2025,일본,장편,멜로/로맨스,개봉,카니에,
삽입 후 최고의 순간,,2025,일본,장편,멜로/로맨스,개봉,후카가와 지로,
마사지에 무너지는 유부녀,,2025,일본,장편,멜로/로맨스,개봉,후카가와 지로,
두근두근 그녀의 섹스,,2023,일본,장편,멜로/로맨스,개봉,,
달콤한 사육 무삭제판,,2025,일본,장편,멜로/로맨스,개봉,카니에,
너무 궁금한 그녀의 치마속,,2025,일본,장편,멜로/로맨스,개봉,,
내손으로 길들이는 그녀 무삭제판,,2025,일본,장편,멜로/로맨스,개봉,,
내 아내의 비밀친구,,2025,일본,장편,멜로/로맨스,개봉,세타가야 히로시,
나나미의 삽입결단,,2025,일본,장편,멜로/로맨스,개봉,,
인피니트 아이콘: 비주얼 메모아르,Infinite Icon: A Visual Memoir,2025,미국,장편,다큐멘터리,개봉,,
보이,Boy,2025,한국,장편,"범죄,멜로/로맨스",개봉,이상덕,
프로젝트 아스트로,The Astronaut,2025,미국,장편,"공포(호러),스릴러,SF",개봉,,
언더닌자,Under Ninja,2025,일본,장편,"드라마,코미디,액션",개봉,후쿠다 유이치,
영원,ETERNITY,2025,미국,장편,"멜로/로맨스,코미디,판타지",개봉,데이빗 프레인,
직장상사 길들이기,Send Help,2025,미국,장편,스릴러,개봉,샘 레이미,
허밍,Humming,2023,한국,장편,드라마,개봉,이승재,오카피필름
해상화,Flowers Of Shanghai,1998,일본,장편,드라마,개봉,허우 샤오시엔,
프레젠스 ,Presence,2024,미국,장편,"공포(호러),스릴러",개봉,스티븐 소더버그,
아이엠스타!X프리파라 더 무비 -만남의 기적!-,Aikatsu! Pripara THE MOVIE -Miraculous Meeting!- ,2025,일본,장편,애니메이션,개봉,오오카와 타카히로,
당신이 영화를 그만두면 안 되는 30가지 이유,project 30,2025,한국,옴니버스,드라마,개봉,,"한국예술종합학교,(주)아토"
노 머시: 90분,Mercy,2025,미국,장편,스릴러,개봉,티무르 베크맘베토브,
정글비트 2,Jungle Beat 2: The Past,2025,영국,장편,애니메이션,개봉,샘 윌슨,
분노의 총잡이,The gunslingers,2025,미국,장편,액션,개봉,,
대디오,Daddio,2024,미국,장편,드라마,개봉,크리스티 홀,
프라이메이트,Primate,2025,미국,장편,"공포(호러),스릴러",개봉,요하네스 로버츠,
타년타일,Measure in Love,2025,홍콩,장편,"멜로/로맨스,판타지",개봉,,
얼음 여왕,North,2025,노르웨이,장편,애니메이션,개봉,,
물의 연대기,The Chronology of Water,2025,미국,장편,드라마,개봉,크리스틴 스튜어트,
두 피아노를 위한 콘체르토,Prodigies,2024,프랑스,장편,드라마,개봉,,
두 번째 계절,Out of Season,2023,프랑스,장편,멜로/로맨스,개봉,스테판 브리제,
당신이 영화를 그만두면 안 되는 30가지 이유: 3막 Impact Zone 폭발,PROJECT 30 Impact Zone,2025,한국,옴니버스,드라마,개봉,,"한국예술종합학교,(주)아토"
극장판 총집편 걸즈 밴드 크라이 청춘광주곡,GIRLS BAND CRY The Movie: Youth Rhapsody,2025,일본,장편,애니메이션,개봉,사카이 카즈오,
"신비아파트 10주년 극장판: 한 번 더, 소환",Shinbi's Haunted House: One More Summon,2025,한국,장편,애니메이션,개봉,최우석,(주)씨제이이엔엠
19금 마사지클럽:규칙위반 스릴만점섹스,KAISYUN MAXTUSAJI-03,2024,일본,장편,"멜로/로맨스,드라마",개봉,,
멜라니아,Melania,2025,미국,,다큐멘터리,개봉예정,브렛 래트너,
"직사각형, 삼각형","Rectangle, Triangle",2025,한국,장편,드라마,개봉,이희준,(주)비에이치 엔터테인먼트
나는 갱년기다,Climacteric Woman,2025,한국,장편,드라마,개봉,조연진,스튜디오 션샤인
떡에 환장하는 여대생과의 속궁합,GURADORU GAKUSEI,2022,일본,장편,"멜로/로맨스,드라마",개봉,,
대한민국은 국민이 합니다,,2025,한국,장편,다큐멘터리,개봉,조은성,
나만의 비밀, I Have a S/e/c/r/e/t/,2025,일본,장편,드라마,개봉,나카가와 슌,
슈가,SUGAR,2025,한국,장편,"드라마,가족",개봉,최신춘,"호랑이기운,(주)메시지필름"
러브 인 베트남,Love In Vietnam,2025,인도,장편,"멜로/로맨스,뮤지컬",개봉,,
데몬 프린스,The Demon Prince,2025,베트남,장편,공포(호러),개봉,쯔언 흐우 떤,
731,731,2025,중국,장편,드라마,개봉,조림산,
리틀 아멜리,Little Amélie or the Character of Rain,2025,프랑스,장편,애니메이션,개봉,"메일리스 발라데,리안 조 한",
위기의 유부녀:남편 상사에게 몸 바친 아내,JYOSITOBUKANO KUDUKURI-01,2024,일본,장편,"멜로/로맨스,드라마",개봉,,
튜즈데이,TUESDAY,2023,미국,장편,"드라마,판타지",개봉,,(주)싸이더스
광장,The Square,2025,한국,장편,애니메이션,개봉,김보솔,한국영화아카데미
송 썽 블루,Song Sung Blue,2025,미국,장편,드라마,개봉,크레이그 브로워,
네 멋대로 해라,Breathless,1960,프랑스,장편,"드라마,범죄",개봉,장 뤽 고다르,
끝이 없는 스칼렛,Scarlet,2025,일본,장편,애니메이션,개봉,호소다 마모루,
고고다이노 극장판: 곤충세계 대모험,,2025,한국,장편,애니메이션,개봉,이선명,(주)모꼬지
굿 포츈,Good Fortune,2025,미국,장편,"코미디,판타지",개봉,아지즈 안사리,
어리석은 자는 누구인가,Baka's Identity,2025,일본,장편,"스릴러,드라마",개봉,나가타 고토,
부흥,The Revival,2025,한국,장편,다큐멘터리,개봉,윤학렬,주식회사 해밀리미디어더하세
피렌체,Florence Knockin' On You,2025,한국,장편,드라마,개봉,이창열,(주)영화사 순수
스노우 폭스 : 마법의 돌을 찾아서,Arctic Dogs : In Search of Arctic Idol,2025,미국,장편,애니메이션,개봉,,
시수: 복수의 길,SISU: ROAD TO REVENGE,2025,미국,장편,"액션,전쟁",개봉,얄마리 헬렌더,
마이 선샤인,My Sunshine,2024,일본,장편,드라마,개봉,오쿠야마 히로시,
극장판 뿌이뿌이 모루카 MOLMAX (모루맥스),Pui Pui Molcar the Movie: Molmax,2024,일본,장편,애니메이션,개봉,만큐,
강다니엘: 홀드 유어 브레스,KANGDANIEL: HOLD YOUR BREATH,2025,한국,장편,공연,개봉,박재석,(주)위즈온센
톰과 제리: 황금나침반 대소동,Tom and Jerry: Forbidden Compass,2025,미국,장편,애니메이션,개봉,,
스폰지밥 무비: 네모바지를 찾아서,The SpongeBob Movie: Search for SquarePants,2025,미국,장편,애니메이션,개봉,데릭 드라이먼,
수궁,SUGUNG-THE UNDERWATER PALACE,2023,한국,장편,다큐멘터리,개봉,유수연,더 액티비스트
